ID,Gain,Loss
4627877,§ 1046,
4627877,§ 6547,
4627877,§§ 6542,
4627877,,§
4627877,,§§
4639543,§ 3-315,
4639543,§ 3-316,
4639543,§§ 3-310(P),
4639543,,§
4639543,,§§
4606371,§ 1.71,
4606371,§ 71(b)(1)(D),
4606371,,§
4646271,§ 431,
4646271,§ 63,
4646271,,§
4665783,§ 10-3(a),
4665783,§ 18-1(b)(1),
4665783,§ 5(a)(1)(A),
4665783,§ 5(b)(1),
4665783,§ 5-1-12,
4665783,§ 5-2(c),
4665783,§ 6,
4665783,§ 8-4,
4665783,,§
4678352,§ 12.35,
4678352,§§ 28.03(b)(4)(A),
4678352,,§
4678352,,§§
4690516,§ 300,
4690516,§ 302,
4690516,,[§]
4709603,§ 144,
4709603,§ 24-1106(3),
4709603,§ 25-202,
4709603,§ 25-216,
4709603,§ 3.4(a),
4709603,§ 3.4(b),
4709603,§ 563,
4709603,§§ 1.1,
4709603,,§
4709603,,§§
4711039,§ 24,
4711039,,§
4718437,§ 402,
4718437,,§
4746031,§ 4.10(a),
4746031,§ 7,
4746031,,§
4776531,§ 11,
4776531,§§ 4,
4776531,,§
4776531,,§§
4799679,§ 1,
4799679,§ 2,
4799679,§ 775.082,
4799679,§ 775.082(1),
4799679,§ 775.082(3)(a),
4799679,§ 921.001(10),
4799679,§ 921.001(4)(a),
4799679,§§ 775.082(3)(b),
4799679,,§
4799679,,§§
406663,§ 1983,
406663,§ 2818,
406663,,§
52459,"§
922(g)",
52459,"§
922(g)(1)",
52459,§ 101(a)(43),
52459,§ 1101(a)(43),
52459,§ 1101(a)(43)(E)(ii),
52459,§ 1103(a)(43)(E)(ii),
52459,§ 1326(b),
52459,§ 46.04,
52459,§ 922,
52459,§ 922(g),
52459,§ 922(g)(1),
5042085,§ 564.440,
5042085,,§
5066102,§ 2,
5066102,§ 2014(d)(6),
5066102,§ 2014(d)(l),
5066102,,§
5082333,§ 9(3),
5082333,§§ 13,
5082333,,§
5082333,,§§
5112424,§ 217.827(1),
5112424,§ 217.827(l)(a),
5112424,§ 217.827(l)(a)(e),
5112424,§ 217.835.1,
5112424,,§
5123092,§ 175.23,
5123092,§ 175.24(A),
5123092,§ 175.24(A)(9),
5123092,§ 175.57,
5123092,§ 175.57(A),
5123092,§ 175.57(D),
5123092,§ 403,
5123092,§ 520,
5123092,§ 581,
5123092,§ 88,
5123092,,§
2046752,§ 13,
2046752,§ 17,
2046752,§ 224(b),
2046752,§ 319,
2046752,§ 7.514,
2046752,,§
5158689,§ 8.5,
5158689,§ 927,
5158689,§ 927(1)(a),
5158689,,§
5165179,§ 18-18-204,
5165179,§ 7,
5165179,§ 8.6(a),
5165179,,§
5167616,§ 3(10)(a),
5167616,§ 3(7)(a),
5167616,§ 952(b),
5167616,§§ 3.6,
5167616,§§ 990.1,
5167616,,§
5167616,,§§
5441809,§ 108,
5441809,,(§)
5547056,§ 1827,
5547056,,§
5562033,§§3033,
5562033,,"§§3033,"
5661007,§ 143(e),
5661007,,§
5636403,§ 78-911,
5636403,,§
5656104,§ 572,
5656104,,§
5681753,§ 138,
5681753,,§
1245958,§ 5,
1245958,§ 75-11-7(A),
1245958,§ 75-6-1,
1245958,,§
5698468,§ 51,
5698468,,§
5725102,§ 554,
5725102,,§
5739567,§ 95,
5739567,,§
5740066,§ 72,
5740066,,§
5766806,§ 40,
5766806,,§
5830587,§ 265.15,
5830587,,§
5859528,§ 123,
5859528,,§
6494892,§ 12,
6494892,§ 431,
6494892,§ 431-636,
6494892,§ 431:1-202,
6494892,§ 431:1-210(1),
6494892,§ 481,
6494892,§ 804-1,
6494892,§ 804-10,
6494892,§ 804-10.5,
6494892,§ 804-10.5(b)(2),
6494892,§ 804-11,
6494892,§ 804-11.5,
6494892,§ 804-11.5(a),
6494892,§ 804-5,
6494892,§ 804-51,
6494892,§ 804-61,
6494892,§ 804-62,
6494892,§ 804-9,
6494892,§ 80440.5(b)(2),
6494892,§ 9(3),
6494892,,§
5885654,§ 167,
5885654,,§
5887405,§ 301,
5887405,,§
5917711,§ 5102,
5917711,,§
5935198,§ 110.00,
5935198,§ 125.25,
5935198,§ 130.35,
5935198,§§ 110.00,
5935198,,§
5935198,,§§
1132256,§ 285,
1132256,,§
4469967,§ 3553(a),
4469967,,§
4536776,§ 158l(i)(2),
4536776,§§ 201,
4536776,,§
4536776,,§§
6026339,§ 7,
6026339,,(§
6026449,§§ 5-1103,
6026449,,§§
6046312,§ 1098,
6046312,,§
6052697,§§ 261,
6052697,,§§
6040243,§ 9.35,
6040243,,§
1996784,§ 544,
1996784,,§
6207147,§ 1,
6207147,,§
6176270,§ 1194,
6176270,,§
6181165,§ 330,
6181165,,§
6308108,§ 1547,
6308108,§ 1547(e),
6308108,§ 3731(a)(1),
6308108,,[§
6308108,,§
6185261,§ 339.5,
6185261,§ 391,
6185261,§ 5456,
6185261,,(§
6185261,,§
1310801,§ 13-5-30(2),
1310801,§ 13-5-30(4),
1310801,,§
1392468,§ 1.02,
1392468,§ 199,
1392468,,§
3073392,§ 154.002,
3073392,§ 154.021(a),
3073392,§§ 154.001,
3073392,,§
3073392,,§§
74020,§ 1988,
74020,,§
2014564,§ 150,
2014564,,(§
2060699,§ 28-32-18,
2060699,§ 28-32-19,
2060699,§ 28-32-19(4),
2060699,§ 28-32-21,
2060699,§ 65-05-08.1,
2060699,§ 65-05-08.1(6),
2060699,§ 65-05.1-01,
2060699,§ 65-05.1-01(4),
2060699,§ 65-05.1-01(5),
2060699,§ 65-05.1-01(5)(1993),
2060699,§ 8,
2060699,§§ 2,
2060699,§§ 27-05-06,
2060699,§§ 28-27-01,
2060699,§§ 65-05-08.1,
2060699,,§
2060699,,§§
2999939,§ 3553(a),
2999939,§ 3553(a)(2)(A),
2999939,§ 3553(a)(2)(C),
2999939,§ 3553(a)(2)(D),
2999939,§ 3553(a)(6),
2999939,§ 924(c),
2975709,§39-14-301,
2975709,,"§39-14-301,"
2975709,,§39-14-303.
4044496,§ 27.01(a),
4044496,§ 38.001(8),
4044496,,§
6322259,§ 12.2(b),
6322259,§ 28-1205(1)(a),
6322259,§ 28-303,
6322259,§ 28-303(2),
6322259,§§ 28-202,
6322259,,[§]
6322259,,§§
6334469,§ 552.028,
6334469,,§
4469885,§ 209,
4469885,§ 431,
4469885,,§
2303811,§ 27-7-5-2,
2303811,§ 316.062,
2303811,§§ 316.027,
2303811,,§
2303811,,§§
2277838,§ 1.04,
2277838,§ 23.13,
2277838,§ 42.21,
2277838,§ 42.25,
2277838,§ 42.26,
2277838,,§
2387663,§ 11,
2387663,§ 2000e-2(a)(1),
2387663,,§
1905777,§ 1.11,
1905777,§ 1510,
1905777,§ 3.230,
1905777,§ 4.120,
1905777,§ 44.22,
1905777,§ 470f,
1905777,,§
2080571,§ 241,
2080571,§ 268b,
2080571,§ 585,
2080571,,§
184616,§ 1071(b)(1),
184616,§ 1071(b)(3),
184616,§ 1488,
184616,§ 20:64,
184616,§ 21:20,
184616,§ 21:21,
184616,§ 21:22,
184616,§ 3.05(b)(ii),
184616,,§
2347045,§ 1,
2347045,§ 5690,
2347045,,§
1771039,§ 21.001(3),
1771039,§ 73,
1771039,,§
755368,§ 1.626,
755368,§ 1.78(a),
755368,§ 112,
755368,§ 120,
755368,,(§
755368,,§
1756048,§ 1232,
1756048,§ 28.1259(5),
3149869,§ 12021,
3149869,§ 12022.53,
3149869,§ 12034,
3149869,§ 170.3,
3149869,§ 186.22,
3149869,§ 187,
3149869,§ 356,
3149869,§§ 452,
3149869,,(§
3149869,,§
3149869,,§§
1744543,§ 13,
1744543,§ 18(a),
1744543,§ 558.011.1(1),
1744543,§ 558.026.1,
1744543,§ 565.050,
1744543,§ 565.050.2,
1744543,§ 569.020,
1744543,§ 571.015,
1744543,§ 571.015.1,
1744543,§§ 12-4,
1744543,§§ 12.32,
1744543,§§ 12.34(a),
1744543,§§ 18-2,
1744543,§§ 41-901(1)(b),
1744543,§§ 41-901(1)(c),
1744543,,§§
2257892,§ 17404,
2257892,§ 411,
2257892,§ 600,
2257892,§ 606,
2257892,§ 664,
2257892,§ 7554,
2257892,§ 7557,
2257892,§ 904.1,
2257892,§§ 115,
2257892,§§ 17402,
2257892,,(§
2257892,,(§§
2257892,,§
2257892,,§§
1804094,§ 108,
1804094,,§
270119,§ 10,
270119,§ 119(c),
270119,§ 2(11),
270119,§ 7,
270119,§ 8(a),
270119,§ 9(c),
270119,,§
1853016,§ 2,
1853016,,§
1897124,§ 1-52,
1897124,§ 1981,
1897124,§ 2000e-5(e),
1897124,§ 2000e-5(f)(1),
1897124,§§ 2000e,
1897124,,§§
1281555,§ 12.09,
1281555,§ 213,
1281555,§ 315,
1281555,§ 33,
1281555,,§
1265092,§ 9-12-40,
1265092,§ 9-3-29,
1265092,§ 9-3-29(a),
1265092,§ 9-3-29(c),
1265092,,§
1137818,§ 77,
1137818,§ 90,
1137818,§ 95.11(3),
1137818,,(§
1137818,,§
1171138,§ 28,
1171138,,§
1341018,§ 17-7-211,
1341018,,§
1537257,§ 187,
1537257,§ 187(1),
1537257,§ 187(2)(b),
1537257,§ 188,
1537257,§ 188(2),
1537257,§ 189-199,
1537257,§ 2311(b)(1),
1537257,§ 4,
1537257,§ 6,
1537257,§ 9,
1537257,§§ 13-101,
1537257,,§§
1546016,§ 10-29,
1546016,§ 141,
1546016,§ 4.9,
1546016,§ 52,
1546016,§ 52-249(a),
1546016,§ 55-3,
1546016,§ 60-5,
1546016,§ 61-10,
1546016,§§ 52-249(a),
1546016,§§ 60-5,
1546016,,"""[§]52-249a"
1546016,,§§
1929026,§ 11-136.1(1),
1929026,§ 11.14.02.07(1)(a),
1929026,§ 22-105,
1929026,§ 22-105(a),
1929026,§ 22-105(c),
1929026,§ 36,
1929026,§ 99,
1929026,,(§
1869254,§ 30-2-55,
1869254,,§
1950193,§ 1981,
1950193,§ 2000e,
1950193,§ 2000e-2,
1950193,,§
2020059,§ 8,
2020059,§ 9,
2020059,,§
1717506,§ 21,
1717506,§ 9,
1717506,,§
2097157,§ 1366,
2097157,§ 1983,
2097157,§ 3201,
2097157,§ 3863,
2097157,,§
2123399,§ 12022.5,
2123399,§ 187,
2123399,§ 192,
2123399,§ 23,
2123399,§ 3,
2123399,§ 780,
2123399,§ 799,
2123399,§ 8,
2123399,§ 800,
2123399,§ 801,
2123399,§ 802.5,
2123399,,§
1595372,§ 2000e,
1595372,§ 2000e-2(a)(1),
1595372,§ 703(a)(1),
1595372,,§
2143980,§ 10,
2143980,§ 11,
2143980,§ 17,
2143980,§ 1983,
2143980,§ 52,
2143980,§ 6,
2143980,§ 7,
2143980,§§ 1343,
2143980,,§
2143980,,§§
2196180,§ 11,
2196180,,§
2042257,§ 301,
2042257,§ 304.3,
2042257,§ 304.4,
2042257,§ 309,
2042257,§ 311,
2042257,§ 317,
2042257,§ 4,
2042257,§§ 5,
2042257,,§
2042257,,§§
2361623,§ 200.00(f),
2361623,§ 3.00(D),
2361623,§ 3.00(E)(2),
2361623,§ 3.02(B),
2361623,§ 3.02(C),
2361623,,§
2175115,§ 301,
2175115,,§
2369683,§ 20.8,
2369683,,§
2414924,§ 1,
2414924,§ 13891,
2414924,§ 13981,
2414924,§ 13981(b),
2414924,§ 13981(d)(1),
2414924,§ 5,
2414924,§ 922(q),
2414924,,§
2765213,§ 10,
2765213,§ 11,
2765213,§ 6,
2765213,§ 609.109,
2496102,§§ 215(a),
2496102,,§§
2427861,§ 153.007(c),
2427861,§ 154.124,
2427861,§ 157.162,
2427861,§§ 102.003(5),
2427861,§§ 157.263,
2427861,,§§
1431414,§ 1,
1431414,§ 1.03,
1431414,§ 1.08,
1431414,§ 1.1,
1431414,§ 117,
1431414,§ 1985,
1431414,§ 3288,
1431414,§ 339,
1431414,§ 342,
1431414,§ 6521,
1431414,§ 8,
1431414,§§ 235,
1431414,§§ 312,
1431414,§§ 654,
1431414,,(§
1431414,,§§
280035,§ 2255,
280035,,§
2829354,"§ 
 15.50",
2829354,"§ 
 15.50(a)",
2829354,"§ 
15.04",
2829354,§ 1,
2829354,§ 15.04,
2829354,§ 15.50,
2829354,§ 15.50(a),
2829354,§ 15.51(c),
2829354,§ 15.52,
2829354,§ 16,
2829354,§ 187,
2829354,§ 188,
2829354,§ 3.1,
2829354,§ 39,
2829354,§15.50(a),
2829354,§  15.04,
2829354,§  15.50(a),
2829354,"§§ 
 15.04",
2829354,"§§ 
 15.05(a)",
2829354,§§ 15.05,
2829354,§§ 15.50,
2829354,,§
2829354,,§15.50(a).
2829354,,§§
2813797,§ 431,
2813797,,§
2925642,§ 16.004(a)(4),
2925642,,§
1961932,§ 14,
1961932,§ 2,
1961932,§ 229,
1961932,§ 8,
1961932,,§
3005910,§ 2703(d),
3005910,,§
3014238,"§
 718.204",
2087266,§ 414,
2087266,,§
385895,§ 522(b)(2)(B),
385895,,§
1613,§ 3583(e)(3),
1613,,“§
751222,§ 1341,
751222,§ 1512(b),
751222,§ 34,
751222,§ 3571(d),
751222,§ 60003(a)(1),
751222,§ 801.21,
751222,§ 844(i),
380858,§ 77a,
380858,§ 77e,
380858,§ 78a,
380858,§ 78j(b),
380858,§ 78m(a),
380858,,§
173654,§ 112,
173654,§ 271(a),
173654,,§
775078,§§ 1054(g),
775078,§§ 204(g),
775078,,violate§§
775078,,§§
1308185,§ 16-3-2,
1308185,§ 16-3-3,
1308185,§ 17-7-131,
1308185,§ 26-303,
1308185,§ 26-702,
1308185,§ 26-703,
1308185,§ 27-1503,
1308185,§§ 16-3-2,
1308185,§§ 26-702,
1308185,,§
1308185,,§§
2675750,§1979,
2675750,,§1291.
2675750,,"§1979,"
2803607,§ 810.02(3)(d),
2803607,§§ 810.02(3)(d),
2803607,,§
2803607,,§§
6593646,§§ 295,
6593646,,§§
1952261,§ 12.04,
1952261,,§
1964781,§ 410(a),
1964781,§ 533,
1964781,§ 552,
1964781,§ 77b,
1964781,§ 78a,
1964781,§ 78i(e),
1964781,§ 78j(b),
1964781,§ 78u-4(b)(3),
1964781,§ 78u-4(e)(1),
1964781,§ 78u-4(g),
1059464,§ 65.1-29,
1059464,§ 65.2-300,
1059464,§ 65.2-302,
1059464,§ 65.2-307,
1059464,§ 65.2-309,
1059464,§ 8.01-264,
1059464,§§ 65.2-100,
1059464,,§
1059464,,§§
810362,§ 1229a(c)(7),
810362,§ 1229a(c)(7)(C)(i),
810362,§ 1229a(c)(7)(C)(ii),
810362,§ 1229c(d),
810362,,U.S.C.§
810362,,§
1616483,§ 1704,
1616483,§ 1705,
1616483,§ 401(c),
1616483,§ 401(d),
1616483,§ 401(e),
1616483,§§ 10-28,
1616483,,§
1616483,,§§
1054699,§ 39-17-417,
1054699,§ 39-17-432(b),
1054699,,§
1610180,§ 1516a(b)(1)(B),
1610180,§ 3.23,
1610180,,§
2911610,§ 36,
2911610,,§
1339714,§ 251,
1339714,,§
4547153,§ 10910.2(a),
4547153,§§ 10101,
4547153,,§
4547153,,§§
2590471,§ 17-202-1(b),
2590471,§ 17-2021(b),
2590471,§§ 17-201-8(10),
2590471,,[§]
2590471,,§]
2590471,,§§
617922,§ 2255,
617922,§ 23-110,
617922,§ 23-110(a),
617922,§ 23-110(b)(1),
617922,§ 23-110(g),
617922,,[§
617922,,§
3493511,§ 14220,
3493511,§ 4648,
3493511,,§
2625710,§ 13-80-104(1)(a),
2625710,§ 24-51-1105,
2625710,§ 5(3),
2625710,,§
250219,§ 3615,
250219,§ 3617,
250219,,§
2665962,§ 1382c(a)(3)(A),
2665962,§ 404.1472,
2665962,§ 404.1505(a),
2665962,§ 423(d)(2)(A),
2665962,§ 521.687-086,
2665962,§ 529.666-014,
2665962,§ 669.687-014,
2665962,§ 726.687,
2665962,§ 734.687-042,
2665962,"§§

404.1520(a)(4)",
2665962,"§§

404.1527(d)(2)",
2665962,"§§

404.1566(e)",
2665962,§§ 404.1512(e),
2665962,§§ 404.1527(d),
2665962,,§
2665962,,§§
405975,§ 1.5(d),
405975,§ 105-2012,
405975,§ 105-2012(1),
405975,§ 105-2012(2),
405975,§ 110-501,
405975,§ 14,
405975,§ 3008,
405975,§ 4336,
405975,§ 50,
723788,§ 1105a(a)(10),
723788,§ 440(a),
723788,§§ 241(a)(2)(B)(i),
723788,,§
723788,,§§
236950,§ 101,
236950,§ 19,
236950,§ 46,
236950,§ 888,
236950,§§ 27,
236950,§§ 45.01,
236950,,§
236950,,§§
2292039,§ 12132,
2292039,§ 35.105,
2292039,§ 601,
2292039,,§
1067480,§ 1135(A),
1067480,§ 1136,
1067480,§ 1137,
1067480,§ 1138,
1067480,§ 1139,
1067480,§ 18-29,
1067480,§ 18.2-61,
1067480,§ 19.2-268.2,
1067480,§ 297,
1067480,,§
1173420,§ 3,
1173420,§ 3262,
1173420,§ 41-214,
1173420,§ 42-103,
1173420,§ 42-106,
1173420,§ 42-220,
1173420,§ 42-222(2),
1173420,§ 55-101,
1173420,§ 5580,
1173420,§ 9,
1173420,,§
593243,§ 12.00,
593243,§ 12.06(A),
593243,§ 12.07(B),
593243,§ 1381a,
593243,,§
2411681,§ 15.03,
2411681,§ 2-5,
2411681,§ 2254,
2411681,§ 3.11,
2411681,§ 4,
2411681,§ 4478,
2267203,§ 2000e-3(a),
2267203,,§
3866761,§ 269,
3866761,§ 29,
3866761,,§
4105921,§ 38,
4105921,,§
7228206,§ 1,
7228206,§ 10617,
7228206,§ 11002,
7228206,§ 11002.1,
7228206,§ 1983,
7228206,§ 5571.1(b),
7228206,§§ 11.2.1,
7228206,§§ 11002,
7228206,,§
7228206,,§§
3242282,§ 2487,
3242282,,§
3425891,§ 5-1003,
3425891,§ 65,
3425891,,§
4280733,§ 22.221,
4280733,,§
3991011,§ 1,
3991011,§ 2,
3991011,§ 20,
3991011,§ 3471,
3991011,§ 3475,
3991011,§ 3488,
3991011,§ 4,
3991011,§ 6604-20,
3991011,§ 7676,
3991011,§ 7681,
3991011,§ 7697,
3991011,,(§
3991011,,§
3358691,§ 10-39,
3358691,§ 10-50,
3358691,§ 152,
3358691,§ 52-577,
3358691,,§
3592041,§ 203,
3592041,,§
3324308,§ 17-49,
3324308,§ 45a,
3324308,§ 45a-186,
3324308,§ 45a-390,
3324308,§ 45a-395,
3324308,§§ 45a-391,
3324308,,§
3324308,,§§
3332311,§ 1749,
3332311,§ 52,
3332311,§ 52-557,
3332311,§ 7-308,
3332311,§ 7-314,
3332311,§ 7-465,
3332311,§§ 7-465,
3332311,,[§
3332311,,§
3332311,,§§
3460176,§ 14,
3460176,,§
3612091,§ 439,
3612091,,§
4092957,§ 25.1,
4092957,§ 750.100,
4092957,§ 750.110,
4092957,§ 8.13(a),
3692568,§ 2925.11,
3692568,,§
4184331,§ 2-109(F),
4184331,§ 42-358(1),
4184331,§ 42-358(6),
4184331,,§
3868858,§ 1,
3868858,,§
3982909,§ 321a,
3982909,,§
4363959,§ 215.10,
4363959,§ 215.15,
4363959,§ 4952,
4363959,§ 4952(a),
4363959,§ 6105(a)(1),
4363959,§ 6105(b),
4363959,§§ 215.11,
4363959,§§ 215.15,
4363959,,[§]
4363959,,§]
4363959,,§§
3207947,§ 431,
3207947,,§
4177061,§ 431,
4177061,,§
4116110,§ 431,
4116110,,§
4301285,"§

2709.1",
4301285,§ 2706,
4301285,§ 2709,
4301285,§ 2709(a),
4301285,§ 2709(a)(l),
4301285,§ 2709.1,
4301285,§ 706,
4301285,§ 9765,
4301285,§ 9765.6,
4301285,§ 978l(c),
4301285,§ 978l(d),
4301285,§2706,
4301285,§§ 978l(c),
4301285,,either§
4301285,,§
4301285,,§2706.
4301285,,§§
4037690,§ 22.221,
4037690,,§
3193573,"§
682.14(1)",
3193573,§ 57.105,
3193573,§ 57.105(1)(b),
3193573,§ 57.105(3)(c),
3193573,§ 713.31,
3193573,§713.31,
3193573,,§
3193573,,§713.31.”4
4190905,§ 240.1,
4190905,§ 32.43,
4190905,§ 32.43(b),
4190905,,§
4197928,§ 39-14-402(a)(3),
4197928,,§
4202401,§ 53-21,
4202401,§ 53a,
4202401,§ 53a-65,
4202401,§ 53a-71,
4202401,§ 54,
4202401,§ 6.27.2,
4202401,§§ 6-6,
4202401,,§
4202401,,§§
3212763,§ 518.18(d),
4393773,§ 3-304,
4393773,§ 3-316,
4393773,§ 3-803(C),
4393773,§§ 3-310(P),
4393773,§§ 3-501.4,
4393773,,§
4393773,,§§
4435240,§§ 22.01(a)(1),
4435240,,§§
43085,§ 1983,
43085,,§
3320051,§ 406,
3320051,§ 452,
3320051,§ 566,
3320051,,(§
19443,§ 2254(d)(1),
19443,§ 2254(d)(2),
19443,,§
1270074,§ 1395w-101,
1270074,§ 1395w-101(b)(1)(A),
1270074,§ 1395w-101(b)(1)(B)(vi),
1270074,§ 1395w-101(b)(3)(B),
1270074,§ 1395w-104(f),
1270074,§ 1395w-104(g),
1270074,§ 1395w-112(g),
1270074,§ 1395w-21,
1270074,§ 1395w-21(h),
1270074,§ 1395w-21(h)(2),
1270074,§ 1395w-21(h)(4),
1270074,§ 1395w-26(b)(3),
1270074,§ 423.30(a),
1270074,§ 423.32(a),
1270074,§ 423.32(c),
1270074,§ 423.32(d),
1270074,§ 423.36,
1270074,§ 423.38,
1270074,§ 423.50(a)(1),
1270074,§ 423.50(b),
1270074,§ 423.50(c)(1),
1270074,§ 423.50(d)(1)(i),
1270074,§ 423.560,
1270074,§ 423.562(a)(1)(ii),
1270074,§ 423.562(b),
1270074,§ 423.562(b)(1),
1270074,§ 423.562(b)(4)(i),
1270074,§ 423.562(b)(4)(iii),
1270074,§ 423.562(b)(4)(iv),
1270074,§ 423.562(b)(4)(vi),
1270074,§ 423.564,
1270074,§ 423.566(a),
1270074,§ 423.566(c),
1270074,§ 423.568(a),
1270074,§ 423.578(a),
1270074,§ 423.578(b),
1270074,§§ 423.32(a),
1270074,,§
1270074,,§§
2225955,§ 1.3,
2225955,§ 2.2,
2225955,§ 2.3(c),
2225955,§ 2.5(c),
2225955,§ 711.1,
2225955,§ 711.3,
2225955,,§
1206257,§ 1-1052,
1206257,§ 1455,
1206257,§ 398,
1206257,§ 54,
1206257,§ 586,
1206257,§ 760,
1206257,§ 918,
1206257,§ 979b,
1206257,§§ 1-1049,
1206257,§§ 27-245.1,
1206257,,(§§
1206257,,[§§
1206257,,§
1206257,,§§
898246,§ 28-32-46,
898246,§ 28-32-46(7),
898246,§ 65-01-11,
898246,,§
219355,"§

204(b)",
219355,§ 102,
219355,§ 102(a),
219355,§ 1054(b)(1)(B)(i),
219355,§ 1054(b)(1)(B)(iii),
219355,§ 204(b),
219355,§ 204(c)(3),
219355,§ 204(g)(2),
219355,§ 204(h),
219355,§ 4(a),
219355,§ 4(a)(1),
219355,§ 4(i),
219355,§ 4(i)(1),
219355,§ 4(i)(4),
219355,§ 402(a)(1),
219355,§ 502(a)(1)(B),
219355,§ 502(a)(3),
219355,§§ 102,
219355,,§
219355,,§§
1165567,§ 19-2514,
1165567,§§ 18-1403,
1165567,,§
1165567,,§§
901384,§ 15-6-19,
901384,§ 15-6-41,
901384,§ 15-6-52(a),
901384,§ 600.6013,
901384,§ 772,
901384,,§
365509,§ 1,
365509,§ 41-101,
365509,§ 41-2201,
365509,§ 41-3938,
365509,§ 43-2328,
365509,§ 43-3201,
365509,§§ 2202,
365509,,§
365509,,§§
1352961,§ 102,
1352961,§ 457,
1352961,§§ 89-98,
1352961,,§
1352961,,§§
1366144,§ 110,
1366144,§ 4,
1366144,,§
897829,§ 14-08.1-05,
897829,§ 14-08.1-05(1)(c),
897829,§ 75-02-04.1,
897829,,§
1334683,§ 27-2503,
1334683,§ 27-2534.1,
1334683,§ 27-2537,
1334683,§ 38-1805,
1334683,§ 59-106,
1334683,,§
1439070,§ 105,
1439070,§ 105(1982),
1439070,§ 13-4-102(1)(b),
1439070,§ 2-4-204,
1439070,§ 33,
1439070,§ 38.113,
1439070,§ 44.190,
1439070,§ 6(g),
1439070,§ 96,
1439070,§ 99,
1439070,§§ 26-566,
1439070,§§ 36.01-36.25,
373916,§ 1983,
373916,,§
1386480,§ 1-3-105(a)(v)(B),
1386480,§ 25,
1386480,§ 431,
1386480,,§
1397612,§ 368,
1397612,,§
1485354,§ 1,
1485354,§ 134.202(a)(5),
1485354,§ 2001.024,
1485354,§ 2001.033,
1485354,§ 2001.033(a)(1),
1485354,§ 2001.035(a),
1485354,§ 413.005(a),
1485354,§ 413.005(b),
1485354,§ 413.011,
1485354,§ 413.011(a),
1485354,§ 413.011(b),
1485354,§ 413.011(d),
1485354,§ 413.012,
1485354,§ 6.02,
1274883,§ 38-75-740,
1274883,,§
1475006,§ 1235,
1475006,§ 368,
1475006,§ 677,
1475006,§§ 1251,
1475006,§§ 741-752,
1475006,§§ 7783-7787,
1475006,§§ 8146,
1475006,§§ 971-975,
1475006,,§
1475006,,§§
1503556,§ 157(e),
1503556,§ 179,
1503556,§ 3,
1503556,,§
1033859,§ 1401,
1033859,§ 437c,
1033859,§ 702,
1033859,,§
2522309,§ 78j(b),
2522309,,§
6368047,§802(e),
6368047,,"§802(e),"
6372740,§1547,
6372740,,§1547.
6507445,§ 184,
6507445,,§
6582441,§ 604,
6582441,§ 628,
6582441,,§
6667178,§ 207,
6667178,,§
6746139,§7248-2,
6746139,,"§7248-2,"
6849206,§ 19,
6849206,§ 46,
6849206,,§
6849569,§ 155,
6849569,§ 156,
6849569,§ 214,
6849569,,§
6883777,§ 117(b),
6883777,§ 117(d),
6883777,,§
7004916,§200,
7004916,,"§200,"
7014132,§ 232,
7014132,,§
7163645,§ 198,
7163645,§ 202,
7163645,,§
7375674,§§ 23,
7375674,,§§
7484853,§ 479.02,
7484853,,§
7504003,§ 27-2-17,
7535823,§ 20,
7535823,,§
7705962,§ 12-18-10(e),
7705962,,§
7740423,§ 36,
7740423,§ 36-30-20(3),
7740423,§ 36-30-20(4),
7740423,§ 36-30-21,
7740423,§§ 355-8-1,
7740423,§§ 36,
7740423,§§ 36-30-1,
7740423,§§ 36-30-20,
7740423,§§ 36-30-22,
7740423,§§ 41-22-20,
7740423,,[§§
7740423,,§
7740423,,§§
7742785,§ 3(b)(3),
7742785,,§
